TEST ID	TEST CASE	PRE-CONDITIONS	TEST STEPS	PRECEDENCE	COMPLEXITY	TEST DATA	EXPECTED RESULT	ACTUAL RESULT	PASS/FAIL
LOAD_001	Test Page load functionality through URL	None	Enter Invalid URL	H	8				
LOAD_002	Test Page Reload without crashes	None		H	3				
LOAD_003	Test 404 Error for Invalid URL in domain	None		L	3				
SELECT_CITY_001	Test City Choice using Icons	LOAD_001	Choose city from name and icons	M	6				
SELECT_CITY_002	Test Search City using Search Bar	LOAD_001	Choose city by Search Bar	M	5				
SELECT_CITY_003	Test City Choice from Region List	LOAD_001	Click View all cities button	H	4				
HOME_001	Test load of Home Page	LOAD_001	View entire Home page layout	H	9				
HOME_002	Test load of Home Page after City Icon Choice	SELECT_CITY_001		M	6				
HOME_003	Test load of Home Page after City Search Choice	SELECT_CITY_002		M	6				
HOME_004	Test load of Home Page after Region List Choice	SELECT_CITY_003	View additional options in menubar	M	5				
HOME_005	Test Return to Home Page on Logo Click	HOME_001		L	2				
SIGN_IN_001	Check initiation of Sign In	HOME_001	View Sign Up button in menu bar	H	3				
LOGIN_001	Test Login functionality	SIGN_IN_001		H	8				
LOGIN_002	Test Login API	SIGN_IN_001		M	8				
SIGN_UP_001	Check switch to Sign Up button	SIGN_IN_001		M	2				
SIGN_UP_002	Test Sign Up functionality	SIGN_UP_001	Click on Sign Up button	H	8				
SIGN_UP_003	Test Sign Up API Integration	SIGN_UP_001		M	8				
LOGIN_003	Check switch to Login Button	SIGN_IN_001		L	2				
SEARCHBAR_001	Check Input of Searchbar	HOME_001	View searchbar in menubar	H	3				
SEARCHBAR_002	Check Return back to Home	SEARCHBAR_001		M	2				
SEARCHBAR_003	Test Search Functionality	SEARCHBAR_001		H	10				
CATEGORY_001	Test Choose Category Functionality	HOME_001		M	6				
HOME_006	Test load of Home Page after Category choice	CATEGORY_001		M	3				
CATEGORY_002	Test Category change while search	SEARCHBAR_001		M	7				
SEARCHBAR_004	Test Search Results based on chosen Category	CATEGORY_001		M	3				
RECOMMEND_001	Check Recommended list while Search	SEARCHBAR_001		M	7				
RECOMMEND_002	Test change of Recommendation after Category	CATEGORY_001		L	8				
RECOMMEND_003	Test Filters in Recommended list	RECOMMEND_001		L	5				
MOVIE_LOAD_001	Test load page for Particular Movie	None		H	6				
MOVIE_DETAILS_001	Check view of Details of a Movie	MOVIE_LOAD_001	Title, Language, Duration, Certification	M	2				
MOVIE_DETAILS_002	Check view of Rating of a Movie	MOVIE_LOAD_001	User & Critics rating	M	2				
BOOK_TICKETS_001	Test Book Ticket button Functionality	MOVIE_LOAD_001		M	4				
BOOK_LOAD_001	Test load Page for booking ticket	None		M	7				
BOOK_DATE_001	Test Date Choice for show	BOOK_LOAD_001		H	6				
SHOWTIME_001	Check view of Showtimes & Cinema	BOOK_LOAD_001		M	4				
SHOWTIME_002	Test Choice of Showtime	SHOWTIME_001		H	6				
SEATS_001	Test choice of Number of Seats	SHOWTIME_002		L	3				
SEATS_002	Check view of seat layout	SEATS_001		H	9				
SEATS_003	Test choose seat from layout	SEATS_002		H	10				
SEATS_004	Test lock of chosen seats	SEATS_001		H	10				
PAY_BUTTON_001	Check display of Pay button 	SEATS_003		L	1				
PAY_BUTTON_002	Test Pay button functionality	PAY_BUTTON_001		M	4				
PAY_INIT_001	Check load of Payment page	PAY_BUTTON_002		H	9				
SHOWTIME_003	Test display of Showtime selected	PAY_INIT_001		L	2				
TICKET_DETAILS_001	Test dispaly of Ticket Details	PAY_INIT_001		L	3				
TICKET_AMOUNT_001	Test display of Payable amount	PAY_INIT_001		M	4				
CONTACT_001	Test input of contact details	PAY_INIT_001		H	6				
PAYMENT_OPT_001	Test display of Payment methods	PAY_INIT_001		M	4				
PAYMENT_OPT_002	Test choice of Payment method	PAY_INIT_001		M	6				
PAYMENT_OPT_003	Test display of Options based on method	PAY_INIT_001		M	4				
CARD_001	Test input of Card Details	PAYMENT_OPT_003		M	5				
CARD_001	Check Make Payment button function	PAYMENT_OPT_003		H	6				
NET_BANK_001	Test display of Bank Options	PAYMENT_OPT_003		M	3				
NET_BANK_002	Test make choice of Bank from icon	PAYMENT_OPT_003		M	6				
NET_BANK_003	Test make choice of Bank from list	PAYMENT_OPT_003		M	5				
NET_BANK_004	Check Make Payment button function	PAYMENT_OPT_003		H	5				
MOB_WALLET_001	Check dispaly of mobile wallet options	PAYMENT_OPT_003		M	3				
MOB_WALLET_002	Test make choice of Wallet option	PAYMENT_OPT_003		H	5				
MOB_WALLET_003	Check code display	MOB_WALLET_002		L	6				
MOB_WALLET_004	Check Make Payment button function	MOB_WALLET_002		H	4				
VOUCHER_001	Test Voucher input	PAYMENT_OPT_003		M	5				
VOUCHER_002	Check Apply button	PAYMENT_OPT_003		M	2				
VOUCHER_003	Check if voucher has been applied	VOUCHER_003		M	5				
UPI_001	Check display of UPI options	PAYMENT_OPT_003		L	3				
UPI_002	Test choose of UPI option	UPI_001		H	6				
UPI_003	Test choice of Other UPI option	UPI_001		M	4				
UPI_004	Test Input of Mobile Number	UPI_002		H	5				
UPI_005	Test Input of UPI ID	UPI_002		H	5				
UPI_006	Test Input of Bank Name	UPI_002		H	4				
UPI_007	Check Make Payment button function	UPI_002		H	5				
PAY_INIT_002	Test payment initiation	PAY_BUTTON_002		H	9				
PAY_PORTAL_001	Test load of Payment Portal Page	PAY_INIT_002		H	8				
PAY_PORTAL_002	Test Transaction confirmation	PAY_INIT_002		H	10				
PAY_PORTAL_003	Test redirect to Confirmation Page	PAY_PORTAL_002		H	8				
PAY_PORTAL_004	Test redirect on cancelled transaction	PAY_PORTAL_002		M	7				
CONFIRM_001	Test load of Confirmation Page	PAY_PORTAL_003		M	5				
CONFIRM_002	Check confirmed movie details display	CONFIRM_001		H	7				
CONFIRM_003	Check confirmed showtime display	CONFIRM_001		H	4				
CONFIRM_004	Check confirmed tickets display	CONFIRM_001		H	5				
CONFIRM_005	Check QR code generation	CONFIRM_001		M	4				
CONFIRM_006	Check QR code display	CONFIRM_001		M	1				
CONFIRM_007	Check confirmed Booking ID display	CONFIRM_001		M	7				
CONFIRM_008	Test Mail of confirmation	PAY_PORTAL_002		M	6				
CONFIRM_009	Test SMS of confirmation	PAY_PORTAL_002		M	6				
SESSION_001	Check display of Session Timer	PAY_INIT_001		L	2				
SESSION_002	Test Session Timeout	PAY_INIT_001		M	3				
SESSION_003	Check display of Timeout Message	SESSION_002		M	1				
SESSION_004	Test Start Again button function	SESSION_003		M	3				
SESSION_005	Test Timer reset	SESSION_001	No reset on reload	M	3				
EVENT_DETAIL_001	Test load of Page for particular event	None		H	6				
EVENT_DETAIL_002	Check view of Event details	EVENT_DETAIL_001		M	3				
EVENT_DETAIL_003	Test Event venue map function	EVENT_DETAIL_001		L	6				
EVENT_DETAIL_004	Test Book button Functionality	EVENT_DETAIL_001		L	7				
BOOK_EVENT_001	Check view of Event time	EVENT_DETAIL_004		M	2				
BOOK_EVENT_002	Check view of Ticket prices	BOOK_EVENT_001		M	3				
BOOK_EVENT_003	Test Add & Remove person functionality	BOOK_EVENT_001		M	4				
BOOK_EVENT_004	Test choice of seats	BOOK_EVENT_003		H	10				
EVENT_CONFIRM_001	Test transfer to Payment Init	BOOK_EVENT_004		H	6				
EVENT_CONFIRM_002	Test transfer to Confirmation Page after payment	PAY_PORTAL_003		H	7				
HELP_001	Test help link functionality	HOME_001		L	2				